state,statenm,year,strict,nstrict,employm,workers,pertot,nsdpmanr,nsdpman
1,Andhra Pradesh,1949,0,-1,NA,NA,NA,NA,NA
1,Andhra Pradesh,1950,0,-1,NA,NA,NA,NA,NA
1,Andhra Pradesh,1951,0,-1,NA,NA,NA,NA,NA
1,Andhra Pradesh,1952,0,-1,NA,NA,NA,NA,NA
1,Andhra Pradesh,1953,0,-1,NA,NA,NA,NA,NA
1,Andhra Pradesh,1954,0,-1,NA,NA,NA,NA,NA
1,Andhra Pradesh,1955,0,-1,NA,NA,NA,NA,NA
1,Andhra Pradesh,1956,0,-1,46.986000061035156,NA,NA,NA,NA
1,Andhra Pradesh,1957,0,-1,46.86199951171875,NA,NA,NA,NA
1,Andhra Pradesh,1958,0,-1,56.24800109863281,NA,NA,NA,NA
1,Andhra Pradesh,1959,0,-1,44.20000076293945,NA,NA,NA,NA
1,Andhra Pradesh,1960,0,-1,50,NA,NA,3186,7659
1,Andhra Pradesh,1961,0,-1,54,NA,NA,3657,8608
1,Andhra Pradesh,1962,0,-1,62,NA,NA,3697,9098
1,Andhra Pradesh,1963,0,-1,59,NA,NA,4674,10986
1,Andhra Pradesh,1964,0,-1,74,NA,NA,5501,12288
1,Andhra Pradesh,1965,0,-1,65,NA,NA,5925,13575
1,Andhra Pradesh,1966,0,-1,79,NA,NA,6531,14478
1,Andhra Pradesh,1967,0,-1,79,NA,NA,5781,14415
1,Andhra Pradesh,1968,-1,-2,89,NA,NA,7102,16871
1,Andhra Pradesh,1969,-1,-2,89,277.2030029296875,333.260986328125,9219,19607
1,Andhra Pradesh,1970,-1,-2,96,269.2099914550781,325.1080017089844,10382,22135
1,Andhra Pradesh,1971,-1,-2,110,284.9700012207031,339.86700439453125,11351,26736
1,Andhra Pradesh,1972,-1,-2,113,NA,NA,13272,28901
1,Andhra Pradesh,1973,-1,-2,184,324.0320129394531,389.7619934082031,17053,37867
1,Andhra Pradesh,1974,-1,-2,138,350.4209899902344,439.9429931640625,25221,48600
1,Andhra Pradesh,1975,-1,-2,132,374.0889892578125,466.06201171875,28015,49673
1,Andhra Pradesh,1976,-1,-2,154,460.9779968261719,561.65802001953125,30244,51048
1,Andhra Pradesh,1977,-1,-2,191,486.90301513671875,589.448974609375,33228,56671
1,Andhra Pradesh,1978,-1,-2,160,539.74298095703125,644.4949951171875,38589,66173
1,Andhra Pradesh,1979,-1,-2,195,569.7230224609375,701.75,45216,77817
1,Andhra Pradesh,1980,-1,-2,191,564.2440185546875,666.1500244140625,42861,82172
1,Andhra Pradesh,1981,-1,-2,188,619.28900146484375,728.73101806640625,56962,101023
1,Andhra Pradesh,1982,-2,-3,192,648.9840087890625,759.30401611328125,66870,111724
1,Andhra Pradesh,1983,-2,-3,207,638.59197998046875,729.68597412109375,72306,120997
1,Andhra Pradesh,1984,-2,-3,232,553.10699462890625,683.31097412109375,84955,136662
1,Andhra Pradesh,1985,-2,-3,279,547.73602294921875,660.48199462890625,99478,159642
1,Andhra Pradesh,1986,-2,-3,391,565,688,106267,169001
1,Andhra Pradesh,1987,3,-2,252,NA,NA,124345,192361
1,Andhra Pradesh,1988,3,-2,285,611,737,163381,247335
1,Andhra Pradesh,1989,3,-2,225,NA,NA,221513,323421
1,Andhra Pradesh,1990,3,-2,212,NA,NA,292510,430822
1,Andhra Pradesh,1991,3,-2,213,NA,NA,346854,518637
1,Andhra Pradesh,1992,3,-2,235,NA,NA,349573,517250
1,Andhra Pradesh,1993,3,-2,221,NA,NA,423601,659106
1,Andhra Pradesh,1994,3,-2,196,890,1071,524517,806981
1,Andhra Pradesh,1995,3,-2,233,1012,1206,605836,934975
1,Andhra Pradesh,1996,NA,-2,NA,NA,NA,670791,1052647
1,Andhra Pradesh,1997,NA,-2,NA,NA,NA,746605,1178053
2,Assam,1949,0,0,NA,NA,NA,NA,NA
2,Assam,1950,0,0,NA,NA,NA,NA,NA
2,Assam,1951,0,0,NA,NA,NA,NA,NA
2,Assam,1952,0,0,NA,NA,NA,NA,NA
2,Assam,1953,0,0,NA,NA,NA,NA,NA
2,Assam,1954,0,0,NA,NA,NA,NA,NA
2,Assam,1955,0,0,NA,NA,NA,NA,NA
2,Assam,1956,0,0,9.128000259399414,NA,NA,NA,NA
2,Assam,1957,0,0,8.946000099182129,NA,NA,NA,NA
2,Assam,1958,0,0,7.341000080108643,NA,NA,NA,NA
2,Assam,1959,0,0,8.62600040435791,NA,NA,NA,NA
2,Assam,1960,0,0,11,NA,NA,3100,5760
2,Assam,1961,0,0,12,NA,NA,NA,NA
2,Assam,1962,0,0,13,NA,NA,NA,NA
2,Assam,1963,0,0,12,NA,NA,NA,NA
2,Assam,1964,0,0,14,NA,NA,NA,NA
2,Assam,1965,0,0,15,NA,NA,3900,7350
2,Assam,1966,0,0,14,NA,NA,NA,NA
2,Assam,1967,0,0,16,NA,NA,NA,NA
2,Assam,1968,0,0,17,NA,NA,4810,8650
2,Assam,1969,0,0,17,72.319000244140625,88.65299987792969,5120,9220
2,Assam,1970,0,0,16,72.5780029296875,89.89299774169922,4220,7020
2,Assam,1971,0,0,16,76.819000244140625,95.70099639892578,4240,7300
2,Assam,1972,0,0,14,NA,NA,4820,7960
2,Assam,1973,0,0,16,69.58000183105469,86.1780014038086,5970,9280
2,Assam,1974,0,0,15,86.7020034790039,106.81099700927734,10940,14480
2,Assam,1975,0,0,13,99.14900207519531,120.25900268554688,11680,15470
2,Assam,1976,0,0,17,98.75299835205078,121.06400299072266,13700,17680
2,Assam,1977,0,0,18,103.6729965209961,131.91299438476562,16130,20780
2,Assam,1978,0,0,18,101.27799987792969,126.802001953125,13750,19460
2,Assam,1979,0,0,28,105.82099914550781,130.72799682617188,13390,18460
2,Assam,1980,0,0,18,101.54399871826172,124.4209976196289,9554,14997
2,Assam,1981,0,0,18,99.339996337890625,120.125,13575,19825
2,Assam,1982,0,0,17,95.20800018310547,114.28099822998047,13721,20047
2,Assam,1983,0,0,19,98.4229965209961,119.37999725341797,23161,30170
2,Assam,1984,0,0,18,92.02300262451172,113.36299896240234,37263,47959
2,Assam,1985,0,0,14,96.74299621582031,117.27999877929688,49282,59527
2,Assam,1986,0,0,70,89,109,56421,65390
2,Assam,1987,0,0,23,NA,NA,59872,70213
2,Assam,1988,0,0,21,96,117,43364,53495
2,Assam,1989,0,0,15,NA,NA,80659,92502
2,Assam,1990,0,0,13,NA,NA,105083,118354
2,Assam,1991,0,0,62,NA,NA,79053,92847
2,Assam,1992,0,0,10,NA,NA,71932,87380
2,Assam,1993,0,0,11,NA,NA,73268,89951
2,Assam,1994,0,0,14,101,125,89566,109218
2,Assam,1995,0,0,7,123,149,101161,123417
2,Assam,1996,NA,NA,NA,NA,NA,110203,134602
2,Assam,1997,NA,NA,NA,NA,NA,91279,116262
3,Bihar,1949,0,0,NA,NA,NA,NA,NA
3,Bihar,1950,0,0,NA,NA,NA,NA,NA
3,Bihar,1951,0,0,NA,NA,NA,NA,NA
3,Bihar,1952,0,0,NA,NA,NA,NA,NA
3,Bihar,1953,0,0,NA,NA,NA,NA,NA
3,Bihar,1954,0,0,NA,NA,NA,NA,NA
3,Bihar,1955,0,0,NA,NA,NA,NA,NA
3,Bihar,1956,0,0,106.51399993896484,NA,NA,NA,NA
3,Bihar,1957,0,0,107.84200286865234,NA,NA,NA,NA
3,Bihar,1958,0,0,107.7239990234375,NA,NA,NA,NA
3,Bihar,1959,0,0,110.3290023803711,NA,NA,NA,NA
3,Bihar,1960,0,0,96,NA,NA,6900,9600
3,Bihar,1961,0,0,130,NA,NA,7100,10200
3,Bihar,1962,0,0,143,NA,NA,9000,12800
3,Bihar,1963,0,0,147,NA,NA,9100,13600
3,Bihar,1964,0,0,166,NA,NA,10600,16200
3,Bihar,1965,0,0,171,NA,NA,12200,19000
3,Bihar,1966,0,0,169,NA,NA,14300,22700
3,Bihar,1967,0,0,172,NA,NA,12700,23300
3,Bihar,1968,0,0,172,NA,NA,12900,23900
3,Bihar,1969,0,0,175,198.38099670410156,256.6520080566406,14900,33000
3,Bihar,1970,0,0,183,203.40199279785156,263.60101318359375,16189,22177
3,Bihar,1971,0,0,187,217.66299438476562,277.9779968261719,18336,24601
3,Bihar,1972,0,0,169,NA,NA,17861,24738
3,Bihar,1973,0,0,168,209.23599243164062,273.2510070800781,18836,27055
3,Bihar,1974,0,0,136,225.7239990234375,301.7439880371094,33823,44057
3,Bihar,1975,0,0,129,263.2070007324219,351.4639892578125,43635,53705
3,Bihar,1976,0,0,242,259.92999267578125,347.8699951171875,39281,51175
3,Bihar,1977,0,0,238,274.1610107421875,372.7829895019531,36255,48131
3,Bihar,1978,0,0,241,271.2799987792969,389.8009948730469,48465,60951
3,Bihar,1979,0,0,236,258.7120056152344,352.87200927734375,48421,64112
3,Bihar,1980,0,0,216,285.7560119628906,381.9259948730469,21920,70108
3,Bihar,1981,0,0,225,277.0169982910156,369.4360046386719,63576,118458
3,Bihar,1982,0,0,190,283.4729919433594,372.2099914550781,56958,123545
3,Bihar,1983,0,0,297,278.40899658203125,360.9309997558594,79409,145540
3,Bihar,1984,0,0,238,267.1409912109375,349.67999267578125,104295,178821
3,Bihar,1985,0,0,283,260.87799072265625,343.4169921875,110051,192384
3,Bihar,1986,0,0,348,274,355,99724,187203
3,Bihar,1987,0,0,234,NA,NA,137343,235366
3,Bihar,1988,0,0,268,298,385,196643,311209
3,Bihar,1989,0,0,285,NA,NA,199961,320515
3,Bihar,1990,0,0,292,NA,NA,199411,337220
3,Bihar,1991,0,0,300,NA,NA,229706,380149
3,Bihar,1992,0,0,NA,NA,NA,176189,323008
3,Bihar,1993,0,0,NA,NA,NA,221950,381374
3,Bihar,1994,0,0,NA,264,346,216650,390751
3,Bihar,1995,0,0,NA,250,339,277933,461883
3,Bihar,1996,NA,NA,NA,NA,NA,312399,533033
3,Bihar,1997,NA,NA,NA,NA,NA,332388,573826
4,Gujarat,1949,0,0,NA,NA,NA,NA,NA
4,Gujarat,1950,0,0,NA,NA,NA,NA,NA
4,Gujarat,1951,0,0,NA,NA,NA,NA,NA
4,Gujarat,1952,0,0,NA,NA,NA,NA,NA
4,Gujarat,1953,0,0,NA,NA,NA,NA,NA
4,Gujarat,1954,0,0,NA,NA,NA,NA,NA
4,Gujarat,1955,0,0,NA,NA,NA,NA,NA
4,Gujarat,1956,0,0,NA,NA,NA,NA,NA
4,Gujarat,1957,0,0,NA,NA,NA,NA,NA
4,Gujarat,1958,0,0,NA,NA,NA,NA,NA
4,Gujarat,1959,0,0,NA,NA,NA,NA,NA
4,Gujarat,1960,0,0,254,NA,NA,10117,15367
4,Gujarat,1961,0,0,279,NA,NA,11097,16480
4,Gujarat,1962,0,0,283,NA,NA,10435,16011
4,Gujarat,1963,0,0,286,NA,NA,11915,17547
4,Gujarat,1964,0,0,300,NA,NA,12950,19022
4,Gujarat,1965,0,0,299,NA,NA,15869,22438
4,Gujarat,1966,0,0,297,NA,NA,16264,23371
4,Gujarat,1967,0,0,280,NA,NA,18664,26535
4,Gujarat,1968,0,0,271,NA,NA,18493,26612
4,Gujarat,1969,0,0,295,73.36799621582031,452.2659912109375,22498,30821
4,Gujarat,1970,0,0,305,77.04499816894531,473.79901123046875,26476,34949
4,Gujarat,1971,0,0,317,82.78399658203125,485.02899169921875,26008,35076
4,Gujarat,1972,0,0,345,NA,NA,34242,44544
4,Gujarat,1973,1,1,346,91.06999969482422,532.198974609375,43366,56000
4,Gujarat,1974,1,1,207,99.9489974975586,563.8599853515625,55846,71458
4,Gujarat,1975,1,1,190,107.0790023803711,588.010009765625,53237,69993
4,Gujarat,1976,1,1,383,115.1510009765625,594.68798828125,63747,80567
4,Gujarat,1977,1,1,388,121.5739974975586,636.7960205078125,76910,95940
4,Gujarat,1978,1,1,397,129.302001953125,662.63201904296875,81788,102864
4,Gujarat,1979,1,1,458,157.66900634765625,713.94097900390625,94520,119124
4,Gujarat,1980,1,1,438,12.07699966430664,699.427001953125,98959,135408
4,Gujarat,1981,1,1,411,135.4429931640625,677.6710205078125,108873,151582
4,Gujarat,1982,1,1,415,130.51499938964844,758.6090087890625,129431,178082
4,Gujarat,1983,1,1,388,142.7779998779297,776.17901611328125,194972,256366
4,Gujarat,1984,2,1,309,131.35699462890625,685.01898193359375,180293,241119
4,Gujarat,1985,2,1,826,132.91099548339844,665.7459716796875,220904,294271
4,Gujarat,1986,2,1,NA,537,690,251548,338341
4,Gujarat,1987,2,1,298,NA,NA,266103,355829
4,Gujarat,1988,2,1,278,525,685,334519,451604
4,Gujarat,1989,2,1,327,NA,NA,357428,469881
4,Gujarat,1990,2,1,342,NA,NA,430853,581755
4,Gujarat,1991,2,1,273,NA,NA,367466,517298
4,Gujarat,1992,2,1,252,NA,NA,674645,925650
4,Gujarat,1993,2,1,184,NA,NA,716117,973347
4,Gujarat,1994,2,1,300,572,783,1018403,1377316
4,Gujarat,1995,2,1,NA,679,967,1409749,1810839
4,Gujarat,1996,NA,NA,NA,NA,NA,1663320,2136259
4,Gujarat,1997,NA,NA,NA,NA,NA,1961610,2510193
5,Haryana,1949,0,0,NA,NA,NA,NA,NA
5,Haryana,1950,0,0,NA,NA,NA,NA,NA
5,Haryana,1951,0,0,NA,NA,NA,NA,NA
5,Haryana,1952,0,0,NA,NA,NA,NA,NA
5,Haryana,1953,0,0,NA,NA,NA,NA,NA
5,Haryana,1954,0,0,NA,NA,NA,NA,NA
5,Haryana,1955,0,0,NA,NA,NA,NA,NA
5,Haryana,1956,0,0,NA,NA,NA,NA,NA
5,Haryana,1957,0,0,NA,NA,NA,NA,NA
5,Haryana,1958,0,0,NA,NA,NA,NA,NA
5,Haryana,1959,0,0,NA,NA,NA,NA,NA
5,Haryana,1960,0,0,NA,NA,NA,924,2754
5,Haryana,1961,0,0,NA,NA,NA,NA,NA
5,Haryana,1962,0,0,NA,NA,NA,NA,NA
5,Haryana,1963,0,0,NA,NA,NA,NA,NA
5,Haryana,1964,0,0,NA,NA,NA,NA,NA
5,Haryana,1965,0,0,NA,NA,NA,2627,5000
5,Haryana,1966,0,0,56,NA,NA,338,5956
5,Haryana,1967,0,0,54,NA,NA,3867,6798
5,Haryana,1968,0,0,49,NA,NA,4389,7620
5,Haryana,1969,0,0,55,76.98899841308594,94.871002197265625,4684,8137
5,Haryana,1970,0,0,61,82.24700164794922,102.60099792480469,5845,8587
5,Haryana,1971,0,0,68,85.83300018310547,108.73100280761719,7938,11317
5,Haryana,1972,0,0,60,NA,NA,8242,11906
5,Haryana,1973,0,0,64,98.56600189208984,139.69400024414062,8982,13596
5,Haryana,1974,0,0,72,93.5530014038086,120.25900268554688,11615,17234
5,Haryana,1975,0,0,54,90.48500061035156,116.18599700927734,12773,18649
5,Haryana,1976,0,0,81,97.17500305175781,123.61399841308594,15704,22017
5,Haryana,1977,0,0,101,106.20999908447266,136.16799926757812,18123,26101
5,Haryana,1978,0,0,110,106.7760009765625,138.156005859375,21679,31505
5,Haryana,1979,0,0,105,124.18399810791016,162.50399780273438,25415,36764
5,Haryana,1980,0,0,105,131.62399291992188,169.1719970703125,30480,42864
5,Haryana,1981,0,0,104,140.98699951171875,200.8179931640625,40107,54944
5,Haryana,1982,0,0,111,156.0659942626953,219.38900756835938,49300,65677
5,Haryana,1983,0,0,91,160.4250030517578,225.27999877929688,53612,71558
5,Haryana,1984,0,0,95,155.4550018310547,224.91200256347656,59400,81663
5,Haryana,1985,0,0,120,165.25999450683594,236.50399780273438,66125,107777
5,Haryana,1986,0,0,102,172,231,70483,114770
5,Haryana,1987,0,0,109,NA,NA,82767,129101
5,Haryana,1988,0,0,136,169,231,117962,182977
5,Haryana,1989,0,0,129,NA,NA,119484,193061
5,Haryana,1990,0,0,124,NA,NA,147679,234520
5,Haryana,1991,0,0,143,NA,NA,154214,262266
5,Haryana,1992,0,0,122,NA,NA,149998,251511
5,Haryana,1993,0,0,105,NA,NA,210101,331033
5,Haryana,1994,0,0,78,221,308,276210,417730
5,Haryana,1995,0,0,84,243,341,358188,517361
5,Haryana,1996,NA,NA,NA,NA,NA,437343,625613
5,Haryana,1997,NA,NA,NA,NA,NA,541230,758494
7,Jammu & Kashmir,1949,0,0,NA,NA,NA,NA,NA
7,Jammu & Kashmir,1950,0,0,NA,NA,NA,NA,NA
7,Jammu & Kashmir,1951,0,0,NA,NA,NA,NA,NA
7,Jammu & Kashmir,1952,0,0,NA,NA,NA,NA,NA
7,Jammu & Kashmir,1953,0,0,NA,NA,NA,NA,NA
7,Jammu & Kashmir,1954,0,0,NA,NA,NA,NA,NA
7,Jammu & Kashmir,1955,0,0,NA,NA,NA,NA,NA
7,Jammu & Kashmir,1956,0,0,NA,NA,NA,NA,NA
7,Jammu & Kashmir,1957,0,0,NA,NA,NA,NA,NA
7,Jammu & Kashmir,1958,0,0,NA,NA,NA,NA,NA
7,Jammu & Kashmir,1959,0,0,NA,NA,NA,NA,NA
7,Jammu & Kashmir,1960,0,0,NA,NA,NA,107,548
7,Jammu & Kashmir,1961,0,0,NA,NA,NA,129,613
7,Jammu & Kashmir,1962,0,0,NA,NA,NA,150,674
7,Jammu & Kashmir,1963,0,0,NA,NA,NA,137,758
7,Jammu & Kashmir,1964,0,0,NA,NA,NA,256,930
7,Jammu & Kashmir,1965,0,0,2,NA,NA,257,1012
7,Jammu & Kashmir,1966,0,0,3,NA,NA,184,1030
7,Jammu & Kashmir,1967,0,0,4,NA,NA,312,1261
7,Jammu & Kashmir,1968,0,0,4,NA,NA,241,1306
7,Jammu & Kashmir,1969,0,0,4,13.506999969482422,15.196000099182129,259,1454
7,Jammu & Kashmir,1970,0,0,5,11.913999557495117,16.774999618530273,209,1335
7,Jammu & Kashmir,1971,0,0,4,12.302000045776367,15.96500015258789,295,1586
7,Jammu & Kashmir,1972,0,0,7,NA,NA,392,1865
7,Jammu & Kashmir,1973,0,0,6,13.75100040435791,17.988000869750977,558,2372
7,Jammu & Kashmir,1974,0,0,8,13.321000099182129,16.243000030517578,705,2894
7,Jammu & Kashmir,1975,0,0,9,19.083999633789062,23.148000717163086,730,3213
7,Jammu & Kashmir,1976,0,0,10,20.256999969482422,24.159000396728516,885,3695
7,Jammu & Kashmir,1977,0,0,8,20.118000030517578,24.617000579833984,1101,4398
7,Jammu & Kashmir,1978,0,0,8,18.547000885009766,23.5049991607666,1681,5566
7,Jammu & Kashmir,1979,0,0,10,21.6200008392334,26.922000885009766,1726,6182
7,Jammu & Kashmir,1980,0,0,10,22.98900032043457,27.858999252319336,1409,4880
7,Jammu & Kashmir,1981,0,0,12,19.66699981689453,24.246999740600586,1761,4867
7,Jammu & Kashmir,1982,0,0,13,27.31100082397461,33.31800079345703,3566,8200
7,Jammu & Kashmir,1983,0,0,12,28.045000076293945,34.28200149536133,2908,7552
7,Jammu & Kashmir,1984,0,0,12,34.856998443603516,43.78300094604492,6063,11747
7,Jammu & Kashmir,1985,0,0,12,32.481998443603516,40.85900115966797,4745,11468
7,Jammu & Kashmir,1986,0,0,NA,26,35,4244,12069
7,Jammu & Kashmir,1987,0,0,12,NA,NA,7091,15501
7,Jammu & Kashmir,1988,0,0,NA,12,17,2616,13582
7,Jammu & Kashmir,1989,0,0,NA,NA,NA,4444,14663
7,Jammu & Kashmir,1990,0,0,NA,NA,NA,6714,16629
7,Jammu & Kashmir,1991,0,0,NA,NA,NA,5464,16410
7,Jammu & Kashmir,1992,0,0,NA,NA,NA,7382,21638
7,Jammu & Kashmir,1993,0,0,NA,NA,NA,14901,30764
7,Jammu & Kashmir,1994,0,0,NA,15,20,14751,28893
7,Jammu & Kashmir,1995,0,0,NA,19,24,15183,30316
7,Jammu & Kashmir,1996,NA,NA,NA,NA,NA,15703,31277
8,Karnataka,1949,0,0,NA,NA,NA,NA,NA
8,Karnataka,1950,0,0,NA,NA,NA,NA,NA
8,Karnataka,1951,0,0,NA,NA,NA,NA,NA
8,Karnataka,1952,0,0,NA,NA,NA,NA,NA
8,Karnataka,1953,0,0,NA,NA,NA,NA,NA
8,Karnataka,1954,0,0,NA,NA,NA,NA,NA
8,Karnataka,1955,0,0,NA,NA,NA,NA,NA
8,Karnataka,1956,0,0,NA,NA,NA,NA,NA
8,Karnataka,1957,0,0,NA,NA,NA,NA,NA
8,Karnataka,1958,0,0,NA,NA,NA,NA,NA
8,Karnataka,1959,0,0,NA,NA,NA,NA,NA
8,Karnataka,1960,0,0,NA,NA,NA,3207,6197
8,Karnataka,1961,0,0,NA,NA,NA,4498,7559
8,Karnataka,1962,0,0,NA,NA,NA,4853,8302
8,Karnataka,1963,0,0,NA,NA,NA,5986,9864
8,Karnataka,1964,0,0,NA,NA,NA,6921,11197
8,Karnataka,1965,0,0,NA,NA,NA,8036,12657
8,Karnataka,1966,0,0,NA,NA,NA,9571,14164
8,Karnataka,1967,0,0,NA,NA,NA,10017,15705
8,Karnataka,1968,0,0,NA,NA,NA,10338,15721
8,Karnataka,1969,0,0,NA,47.810001373291016,231.9250030517578,12843,19890
8,Karnataka,1970,0,0,106,52.41699981689453,247.47999572753906,14870,28588
8,Karnataka,1971,0,0,93,65.73200225830078,273.8380126953125,18066,32293
8,Karnataka,1972,0,0,135,NA,NA,18381,34094
8,Karnataka,1973,0,0,138,74.621002197265625,301.7659912109375,20465,41382
8,Karnataka,1974,0,0,117,71.8010025024414,292.8169860839844,24437,49081
8,Karnataka,1975,0,0,108,85.38700103759766,328.8080139160156,28306,53000
8,Karnataka,1976,0,0,97,93.608001708984375,345.8160095214844,36713,64244
8,Karnataka,1977,0,0,178,82.375,360.3940124511719,36366,70963
8,Karnataka,1978,0,0,NA,84.1989974975586,360.3999938964844,45581,83477
8,Karnataka,1979,0,0,52,89.03399658203125,372.4670104980469,57242,103128
8,Karnataka,1980,0,0,31,93.92400360107422,396.2359924316406,50614,78132
8,Karnataka,1981,0,0,133,82.0250015258789,361.6789855957031,46457,85069
8,Karnataka,1982,0,0,133,89.2509994506836,395.5539855957031,62935,98556
8,Karnataka,1983,0,0,NA,89.5790023803711,392.7619934082031,76688,120756
8,Karnataka,1984,0,0,NA,89.569000244140625,395.8609924316406,91459,135534
8,Karnataka,1985,0,0,NA,88.875,376.1969909667969,113809,158615
8,Karnataka,1986,0,0,NA,2931,393,122082,170498
8,Karnataka,1987,0,0,NA,NA,NA,127035,196753
8,Karnataka,1988,0,-1,NA,305,407,151225,234661
8,Karnataka,1989,0,-1,NA,NA,NA,204957,292069
8,Karnataka,1990,0,-1,20,NA,NA,231040,323862
8,Karnataka,1991,0,-1,46,NA,NA,280164,408414
8,Karnataka,1992,0,-1,NA,NA,NA,317046,443268
8,Karnataka,1993,0,-1,NA,NA,NA,335983,479734
8,Karnataka,1994,0,-1,108,351,473,435319,615653
8,Karnataka,1995,0,-1,78,371,518,443272,640206
8,Karnataka,1996,NA,NA,NA,NA,NA,482987,699254
8,Karnataka,1997,NA,NA,NA,NA,NA,546729,785929
9,Kerala,1949,0,0,NA,NA,NA,NA,NA
9,Kerala,1950,0,0,NA,NA,NA,NA,NA
9,Kerala,1951,0,0,NA,NA,NA,NA,NA
9,Kerala,1952,0,0,NA,NA,NA,NA,NA
9,Kerala,1953,0,0,NA,NA,NA,NA,NA
9,Kerala,1954,0,0,NA,NA,NA,NA,NA
9,Kerala,1955,0,0,NA,NA,NA,NA,NA
9,Kerala,1956,0,0,NA,NA,NA,NA,NA
9,Kerala,1957,0,0,44.62699890136719,NA,NA,NA,NA
9,Kerala,1958,0,0,NA,NA,NA,NA,NA
9,Kerala,1959,0,0,47.48500061035156,NA,NA,NA,NA
9,Kerala,1960,0,0,45,NA,NA,2677,5382
9,Kerala,1961,0,0,48,NA,NA,3108,6009
9,Kerala,1962,0,0,49,NA,NA,3200,5904
9,Kerala,1963,0,0,51,NA,NA,3353,6216
9,Kerala,1964,0,0,46,NA,NA,3815,6947
9,Kerala,1965,0,0,51,NA,NA,4405,7722
9,Kerala,1966,0,0,52,NA,NA,5347,8631
9,Kerala,1967,0,0,72,NA,NA,7524,11181
9,Kerala,1968,0,0,67,NA,NA,7141,11364
9,Kerala,1969,0,0,62,184.10400390625,213.16700744628906,8095,12592
9,Kerala,1970,0,0,58,170.5469970703125,200.0919952392578,7031,15632
9,Kerala,1971,0,0,53,193.39500427246094,224.1719970703125,8964,17889
9,Kerala,1972,0,0,53,NA,NA,9443,19970
9,Kerala,1973,0,0,38,206.7550048828125,238.74200439453125,11205,22920
9,Kerala,1974,0,0,30,207.9199981689453,243.48699951171875,13520,26204
9,Kerala,1975,0,0,34,206.1219940185547,243.718994140625,14430,29646
9,Kerala,1976,0,0,77,214.0850067138672,256.19000244140625,16605,32109
9,Kerala,1977,0,0,63,236.67599487304688,282.3070068359375,18492,33788
9,Kerala,1978,0,0,65,218.5279998779297,264.6579895019531,19926,37763
9,Kerala,1979,0,-1,66,233.1529998779297,284.87799072265625,24950,47387
9,Kerala,1980,0,-1,73,232.48599243164062,279.6679992675781,29030,53152
9,Kerala,1981,0,-1,85,247.07200622558594,295.7950134277344,33461,61585
9,Kerala,1982,0,-1,80,215.01600646972656,265.4989929199219,36610,71171
9,Kerala,1983,0,-1,90,205.14100646972656,250.97999572753906,41755,75013
9,Kerala,1984,0,-1,98,201.79400634765625,247.78799438476562,45368,79448
9,Kerala,1985,0,-1,103,190.0959930419922,233.03799438476562,47610,86335
9,Kerala,1986,0,-1,177,185,229,48892,90178
9,Kerala,1987,0,-1,119,NA,NA,75186,112815
9,Kerala,1988,0,-1,113,188,237,92453,131873
9,Kerala,1989,0,-1,NA,NA,NA,120182,177944
9,Kerala,1990,0,-1,110,NA,NA,100146,191390
9,Kerala,1991,0,-1,97,NA,NA,124154,232742
9,Kerala,1992,0,-1,170,NA,NA,137984,265457
9,Kerala,1993,0,-1,65,NA,NA,150675,287878
9,Kerala,1994,0,-1,NA,295,357,164648,313929
9,Kerala,1995,0,-1,NA,268,327,215278,377366
9,Kerala,1996,NA,NA,NA,NA,NA,251595,433587
9,Kerala,1997,NA,NA,NA,NA,NA,290466,492368
10,Madhya Pradesh,1949,0,0,NA,NA,NA,NA,NA
10,Madhya Pradesh,1950,0,0,NA,NA,NA,NA,NA
10,Madhya Pradesh,1951,0,0,NA,NA,NA,NA,NA
10,Madhya Pradesh,1952,0,0,NA,NA,NA,NA,NA
10,Madhya Pradesh,1953,0,0,NA,NA,NA,NA,NA
10,Madhya Pradesh,1954,0,0,NA,NA,NA,NA,NA
10,Madhya Pradesh,1955,0,0,NA,NA,NA,NA,NA
10,Madhya Pradesh,1956,0,0,31.242000579833984,NA,NA,NA,NA
10,Madhya Pradesh,1957,0,0,59.80400085449219,NA,NA,NA,NA
10,Madhya Pradesh,1958,0,0,69.7750015258789,NA,NA,NA,NA
10,Madhya Pradesh,1959,0,0,67.0270004272461,NA,NA,NA,NA
10,Madhya Pradesh,1960,0,0,NA,NA,NA,2560,5590
10,Madhya Pradesh,1961,0,0,82,NA,NA,3080,6360
10,Madhya Pradesh,1962,0,0,NA,NA,NA,2730,6070
10,Madhya Pradesh,1963,0,0,45,NA,NA,3960,8490
10,Madhya Pradesh,1964,0,0,61,NA,NA,5010,9510
10,Madhya Pradesh,1965,0,0,83,NA,NA,5240,10070
10,Madhya Pradesh,1966,0,0,76,NA,NA,6020,12150
10,Madhya Pradesh,1967,0,0,73,NA,NA,6640,13780
10,Madhya Pradesh,1968,0,0,56,NA,NA,7000,14180
10,Madhya Pradesh,1969,0,0,61,155.41799926757812,199.74200439453125,7310,15410
10,Madhya Pradesh,1970,0,0,78,156.72799682617188,202.90499877929688,9330,17880
10,Madhya Pradesh,1971,0,0,63,163.05299377441406,212.7530059814453,10080,20440
10,Madhya Pradesh,1972,0,0,70,NA,NA,13780,24120
10,Madhya Pradesh,1973,0,0,70,181.99000549316406,241.12600708007812,20790,33560
10,Madhya Pradesh,1974,0,0,46,175.02099609375,254.92100524902344,25860,36640
10,Madhya Pradesh,1975,0,0,46,197.3509979248047,272.17401123046875,23850,36780
10,Madhya Pradesh,1976,0,0,82,195.41900634765625,271.23199462890625,29660,47840
10,Madhya Pradesh,1977,0,0,52,212.33799743652344,294.8080139160156,28970,48020
10,Madhya Pradesh,1978,0,0,60,212.0800018310547,299.41900634765625,30420,51720
10,Madhya Pradesh,1979,0,0,39,225.21600341796875,314.5669860839844,42420,64670
10,Madhya Pradesh,1980,0,0,75,231.15199279785156,324.7080078125,48137,85967
10,Madhya Pradesh,1981,0,0,115,243.80099487304688,338.23699951171875,54449,94196
10,Madhya Pradesh,1982,0,-1,121,261.5710144042969,361.7590026855469,67077,114262
10,Madhya Pradesh,1983,1,0,111,250.3780059814453,357.3139953613281,68985,124740
10,Madhya Pradesh,1984,1,0,87,275.1719970703125,392.85400390625,89410,133682
10,Madhya Pradesh,1985,1,0,95,247.07000732421875,345.49798583984375,78099,133431
10,Madhya Pradesh,1986,1,0,NA,254,360,70031,129434
10,Madhya Pradesh,1987,1,0,93,NA,NA,117079,186324
10,Madhya Pradesh,1988,1,0,NA,242,321,151096,221644
10,Madhya Pradesh,1989,1,0,39,NA,NA,191862,291518
10,Madhya Pradesh,1990,1,0,38,NA,NA,235132,372728
10,Madhya Pradesh,1991,1,0,35,NA,NA,171685,307277
10,Madhya Pradesh,1992,1,0,80,NA,NA,265450,414143
10,Madhya Pradesh,1993,1,0,69,NA,NA,309219,473440
10,Madhya Pradesh,1994,1,0,89,310,458,396561,627685
10,Madhya Pradesh,1995,1,0,58,368,529,519495,808333
10,Madhya Pradesh,1996,NA,0,NA,NA,NA,575600,893632
10,Madhya Pradesh,1997,NA,0,NA,NA,NA,649277,984112
11,Maharashtra,1949,0,0,NA,NA,NA,NA,NA
11,Maharashtra,1950,0,0,NA,NA,NA,NA,NA
11,Maharashtra,1951,0,0,NA,NA,NA,NA,NA
11,Maharashtra,1952,0,0,NA,NA,NA,NA,NA
11,Maharashtra,1953,0,0,NA,NA,NA,NA,NA
11,Maharashtra,1954,0,0,NA,NA,NA,NA,NA
11,Maharashtra,1955,0,0,NA,NA,NA,NA,NA
11,Maharashtra,1956,0,0,NA,NA,NA,NA,NA
11,Maharashtra,1957,0,0,NA,NA,NA,NA,NA
11,Maharashtra,1958,0,0,NA,NA,NA,NA,NA
11,Maharashtra,1959,0,0,NA,NA,NA,NA,NA
11,Maharashtra,1960,0,0,521,NA,NA,26229,34487
11,Maharashtra,1961,0,0,601,NA,NA,29257,38983
11,Maharashtra,1962,0,0,630,NA,NA,33498,44776
11,Maharashtra,1963,0,0,655,NA,NA,36924,49816
11,Maharashtra,1964,0,0,683,NA,NA,40275,54860
11,Maharashtra,1965,0,0,712,NA,NA,44266,60610
11,Maharashtra,1966,0,0,728,NA,NA,49482,67660
11,Maharashtra,1967,0,0,650,NA,NA,56382,76484
11,Maharashtra,1968,0,0,663,NA,NA,59334,81449
11,Maharashtra,1969,0,0,672,771.4210205078125,961.10797119140625,68740,92932
11,Maharashtra,1970,0,0,685,796.0479736328125,1001.2459716796875,79908,102777
11,Maharashtra,1971,0,0,718,815.66900634765625,1032.446044921875,89515,114344
11,Maharashtra,1972,0,0,710,NA,NA,104041,131171
11,Maharashtra,1973,0,0,676,876.31298828125,1114.22998046875,118567,149505
11,Maharashtra,1974,0,0,501,893.98699951171875,1165.9310302734375,151081,189658
11,Maharashtra,1975,0,0,222,884.51702880859375,1165.0169677734375,147326,189968
11,Maharashtra,1976,0,0,868,918.22802734375,1210.0279541015625,166508,216218
11,Maharashtra,1977,0,0,831,928.64202880859375,1242.6300048828125,188444,244332
11,Maharashtra,1978,0,0,886,963.052978515625,1280.302001953125,226344,290176
11,Maharashtra,1979,0,0,949,996.05499267578125,1339.56201171875,264000,338775
11,Maharashtra,1980,0,0,996,988.03997802734375,1337.718017578125,290049,415197
11,Maharashtra,1981,3,1,686,970.96099853515625,1316.136962890625,293702,420845
11,Maharashtra,1982,3,1,650,941.64599609375,1291.3179931640625,321761,452892
11,Maharashtra,1983,4,2,820,926.322998046875,1257.4580078125,374090,520767
11,Maharashtra,1984,4,2,737,917.5,1255.6319580078125,394937,547859
11,Maharashtra,1985,4,2,665,880.85101318359375,1199.824951171875,491702,676730
11,Maharashtra,1986,4,2,633,883,1218,563464,760864
11,Maharashtra,1987,4,2,479,NA,NA,580661,805568
11,Maharashtra,1988,4,2,423,883,1231,736610,976791
11,Maharashtra,1989,4,2,426,NA,NA,911153,1218908
11,Maharashtra,1990,4,2,320,NA,NA,1107118,1442516
11,Maharashtra,1991,4,2,247,NA,NA,1166595,1551087
11,Maharashtra,1992,4,2,205,NA,NA,1345648,1848732
11,Maharashtra,1993,4,2,197,NA,NA,1560269,2200897
11,Maharashtra,1994,4,2,190,944,1332,1785841,2498793
11,Maharashtra,1995,4,2,133,1071,1600,2401846,3296744
11,Maharashtra,1996,NA,NA,NA,NA,NA,2541456,3554604
11,Maharashtra,1997,NA,NA,NA,NA,NA,2833458,4025626
14,Orissa,1949,0,0,NA,NA,NA,NA,NA
14,Orissa,1950,0,0,NA,NA,NA,NA,NA
14,Orissa,1951,0,0,NA,NA,NA,NA,NA
14,Orissa,1952,0,0,NA,NA,NA,NA,NA
14,Orissa,1953,0,0,NA,NA,NA,NA,NA
14,Orissa,1954,0,0,NA,NA,NA,NA,NA
14,Orissa,1955,0,0,NA,NA,NA,NA,NA
14,Orissa,1956,0,0,13.770999908447266,NA,NA,NA,NA
14,Orissa,1957,0,0,15.659000396728516,NA,NA,NA,NA
14,Orissa,1958,0,0,16.54599952697754,NA,NA,NA,NA
14,Orissa,1959,0,0,18.326000213623047,NA,NA,NA,NA
14,Orissa,1960,0,0,16,NA,NA,712,2722
14,Orissa,1961,0,0,18,NA,NA,1183,3276
14,Orissa,1962,0,0,29,NA,NA,1625,3834
14,Orissa,1963,0,0,15,NA,NA,2326,4661
14,Orissa,1964,0,0,NA,NA,NA,3303,5822
14,Orissa,1965,0,0,36,NA,NA,3793,6578
14,Orissa,1966,0,0,40,NA,NA,3109,6350
14,Orissa,1967,0,0,NA,NA,NA,2026,5804
14,Orissa,1968,0,0,9,NA,NA,3551,7355
14,Orissa,1969,0,0,11,74.125,95.865997314453125,4933,8700
14,Orissa,1970,0,0,34,68.621002197265625,89.322998046875,5700,8331
14,Orissa,1971,0,0,38,72.59400177001953,94.69499969482422,4554,7436
14,Orissa,1972,0,0,40,NA,NA,4554,7871
14,Orissa,1973,0,0,17,75.78800201416016,101.58499908447266,7515,11617
14,Orissa,1974,0,0,20,72.28299713134766,98.44000244140625,10705,15644
14,Orissa,1975,0,0,39,80.80799865722656,108.02300262451172,8396,13440
14,Orissa,1976,0,0,24,83.30400085449219,109.62000274658203,14583,19991
14,Orissa,1977,0,0,27,86.38600158691406,123.6709976196289,13771,19705
14,Orissa,1978,0,0,30,87.292999267578125,114.41799926757812,16633,22823
14,Orissa,1979,0,0,20,91.44300079345703,118.50800323486328,20441,28390
14,Orissa,1980,0,0,21,103.4209976196289,133.18600463867188,16321,35814
14,Orissa,1981,0,0,21,106.63200378417969,138.68499755859375,12514,31182
14,Orissa,1982,0,0,19,104.56500244140625,139.44400024414062,11975,32098
14,Orissa,1983,2,1,23,104.98500061035156,138.91200256347656,12715,38940
14,Orissa,1984,2,1,27,104.58899688720703,141.32699584960938,31351,54832
14,Orissa,1985,2,1,34,113.8740005493164,151.9949951171875,29338,54836
14,Orissa,1986,2,1,309,111,147,33779,61553
14,Orissa,1987,2,1,29,NA,NA,37793,69738
14,Orissa,1988,2,1,21,119,157,83357,120983
14,Orissa,1989,2,1,23,NA,NA,86878,126509
14,Orissa,1990,2,1,13,NA,NA,64492,105089
14,Orissa,1991,2,1,15,NA,NA,90685,136384
14,Orissa,1992,2,1,18,NA,NA,103530,153219
14,Orissa,1993,2,1,18,NA,NA,87248,138096
14,Orissa,1994,2,1,18,148,195,115182,176159
14,Orissa,1995,2,1,20,151,198,132859,227617
14,Orissa,1996,NA,NA,NA,NA,NA,111531,222061
14,Orissa,1997,NA,NA,NA,NA,NA,128784,254810
15,Punjab,1949,0,0,NA,NA,NA,NA,NA
15,Punjab,1950,0,0,NA,NA,NA,NA,NA
15,Punjab,1951,0,0,NA,NA,NA,NA,NA
15,Punjab,1952,0,0,NA,NA,NA,NA,NA
15,Punjab,1953,0,0,NA,NA,NA,NA,NA
15,Punjab,1954,0,0,NA,NA,NA,NA,NA
15,Punjab,1955,0,0,NA,NA,NA,NA,NA
15,Punjab,1956,0,0,41.00600051879883,NA,NA,NA,NA
15,Punjab,1957,0,0,52.209999084472656,NA,NA,NA,NA
15,Punjab,1958,0,0,53.06999969482422,NA,NA,NA,NA
15,Punjab,1959,0,0,48.49700164794922,NA,NA,NA,NA
15,Punjab,1960,0,0,49,NA,NA,1846,4085
15,Punjab,1961,0,0,85,NA,NA,NA,NA
15,Punjab,1962,0,0,93,NA,NA,NA,NA
15,Punjab,1963,0,0,105,NA,NA,NA,NA
15,Punjab,1964,0,0,117,NA,NA,NA,NA
15,Punjab,1965,0,0,131,NA,NA,3490,6584
15,Punjab,1966,0,0,66,NA,NA,3921,7416
15,Punjab,1967,0,0,75,NA,NA,4141,7929
15,Punjab,1968,0,0,65,NA,NA,4892,9222
15,Punjab,1969,0,0,54,103.81400299072266,130.38499450683594,5427,10416
15,Punjab,1970,0,0,67,108.4800033569336,139.08399963378906,5670,11494
15,Punjab,1971,0,0,66,111.38300323486328,141.13600158691406,6157,12893
15,Punjab,1972,0,0,67,NA,NA,7656,16232
15,Punjab,1973,0,0,67,126.16500091552734,160.177001953125,9158,19450
15,Punjab,1974,0,0,68,130.65899658203125,164.09300231933594,11365,24532
15,Punjab,1975,0,0,64,140.01400756835938,178.60000610351562,13932,29419
15,Punjab,1976,0,0,72,156.31700134277344,197.51100158691406,14802,32205
15,Punjab,1977,0,0,75,166.3990020751953,210.322998046875,17842,38457
15,Punjab,1978,0,0,83,191.21400451660156,234.9080047607422,20842,43035
15,Punjab,1979,0,0,76,208.58200073242188,258.5530090332031,25972,53256
15,Punjab,1980,0,0,92,174.94700622558594,235.14100646972656,26309,48970
15,Punjab,1981,0,0,83,209.0800018310547,261.70098876953125,35235,64560
15,Punjab,1982,0,0,72,208.7969970703125,263.36700439453125,37121,66940
15,Punjab,1983,0,0,59,218.25799560546875,275.4209899902344,45376,79796
15,Punjab,1984,0,0,57,241.9239959716797,308.864990234375,50962,90727
15,Punjab,1985,0,0,69,248.1999969482422,312.52301025390625,64347,110766
15,Punjab,1986,0,0,64,245,317,69663,117705
15,Punjab,1987,0,0,51,NA,NA,78859,143623
15,Punjab,1988,0,0,66,297,386,99687,187612
15,Punjab,1989,0,0,86,NA,NA,122864,220730
15,Punjab,1990,0,0,103,NA,NA,141304,247351
15,Punjab,1991,0,0,85,NA,NA,158313,286433
15,Punjab,1992,0,0,63,NA,NA,178694,331312
15,Punjab,1993,0,0,72,NA,NA,227638,405211
15,Punjab,1994,0,0,68,330,448,252787,455102
15,Punjab,1995,0,0,NA,355,480,305779,525715
15,Punjab,1996,NA,NA,NA,NA,NA,340320,609941
15,Punjab,1997,NA,NA,NA,NA,NA,396609,709477
16,Rajasthan,1949,0,0,NA,NA,NA,NA,NA
16,Rajasthan,1950,0,0,NA,NA,NA,NA,NA
16,Rajasthan,1951,0,0,NA,NA,NA,NA,NA
16,Rajasthan,1952,0,0,NA,NA,NA,NA,NA
16,Rajasthan,1953,0,0,NA,NA,NA,NA,NA
16,Rajasthan,1954,0,0,NA,NA,NA,NA,NA
16,Rajasthan,1955,0,0,NA,NA,NA,NA,NA
16,Rajasthan,1956,0,0,NA,NA,NA,NA,NA
16,Rajasthan,1957,0,0,13.496999740600586,NA,NA,NA,NA
16,Rajasthan,1958,0,0,18.892000198364258,NA,NA,NA,NA
16,Rajasthan,1959,0,0,17.834999084472656,NA,NA,NA,NA
16,Rajasthan,1960,-3,-1,NA,NA,NA,1071,5686
16,Rajasthan,1961,-3,-1,15,NA,NA,1072,5765
16,Rajasthan,1962,-3,-1,24,NA,NA,1232,6283
16,Rajasthan,1963,-3,-1,37,NA,NA,1451,6572
16,Rajasthan,1964,-3,-1,29,NA,NA,1738,7164
16,Rajasthan,1965,-3,-1,26,NA,NA,2155,7776
16,Rajasthan,1966,-3,-1,35,NA,NA,2509,8176
16,Rajasthan,1967,-3,-1,21,NA,NA,3156,9489
16,Rajasthan,1968,-3,-1,37,NA,NA,3492,9978
16,Rajasthan,1969,-3,-1,42,75.18900299072266,95.884002685546875,3876,10687
16,Rajasthan,1970,-5,-2,43,85.90299987792969,111.40599822998047,5060,12666
16,Rajasthan,1971,-5,-2,53,83.88800048828125,110.01799774169922,5307,13212
16,Rajasthan,1972,-5,-2,52,NA,NA,5720,14138
16,Rajasthan,1973,-5,-2,54,92.60399627685547,122.16100311279297,7074,17093
16,Rajasthan,1974,-5,-2,45,89.785003662109375,122.21499633789062,9011,21172
16,Rajasthan,1975,-5,-2,64,107.54100036621094,144.35699462890625,9473,22540
16,Rajasthan,1976,-5,-2,54,117.02899932861328,153.0540008544922,13395,27158
16,Rajasthan,1977,-5,-2,55,126.06400299072266,163.46800231933594,13386,28183
16,Rajasthan,1978,-5,-2,74,126.50700378417969,164.79200744628906,14330,30248
16,Rajasthan,1979,-5,-2,76,152.02699279785156,194.14300537109375,17426,33376
16,Rajasthan,1980,-5,-2,69,149.2050018310547,191.1280059814453,19925,45705
16,Rajasthan,1981,-5,-2,72,152.0229949951172,197.10000610351562,23651,53100
16,Rajasthan,1982,-5,-2,69,173.67599487304688,215.5540008544922,27888,62155
16,Rajasthan,1983,-5,-2,78,182.04200744628906,226.35299682617188,49713,86682
16,Rajasthan,1984,-3,-1,82,171.5590057373047,220.41299438476562,41515,78882
16,Rajasthan,1985,-3,-1,82,168.5290069580078,216.7010040283203,42884,89017
16,Rajasthan,1986,-3,-1,87,165,215,47625,101697
16,Rajasthan,1987,-3,-1,81,NA,NA,63042,115335
16,Rajasthan,1988,-3,-1,84,175,235,64917,120213
16,Rajasthan,1989,-3,-1,232,NA,NA,91214,150292
16,Rajasthan,1990,-3,-1,92,NA,NA,131787,205350
16,Rajasthan,1991,-3,-1,55,NA,NA,131092,212740
16,Rajasthan,1992,-3,-1,81,NA,NA,153875,234950
16,Rajasthan,1993,-3,-1,62,NA,NA,152346,245939
16,Rajasthan,1994,-3,-1,54,202,276,252973,355766
16,Rajasthan,1995,-3,-1,54,218,298,260134,374772
16,Rajasthan,1996,NA,NA,NA,NA,NA,246705,375270
16,Rajasthan,1997,NA,NA,NA,NA,NA,246080,372785
18,Tamil Nadu,1949,-2,-1,NA,NA,NA,NA,NA
18,Tamil Nadu,1950,-2,-1,NA,NA,NA,NA,NA
18,Tamil Nadu,1951,-2,-1,NA,NA,NA,NA,NA
18,Tamil Nadu,1952,-2,-1,NA,NA,NA,NA,NA
18,Tamil Nadu,1953,-2,-1,NA,NA,NA,NA,NA
18,Tamil Nadu,1954,-2,-1,NA,NA,NA,NA,NA
18,Tamil Nadu,1955,-2,-1,NA,NA,NA,NA,NA
18,Tamil Nadu,1956,-2,-1,NA,NA,NA,NA,NA
18,Tamil Nadu,1957,-2,-1,NA,NA,NA,NA,NA
18,Tamil Nadu,1958,-2,-1,NA,NA,NA,NA,NA
18,Tamil Nadu,1959,-2,-1,NA,NA,NA,NA,NA
18,Tamil Nadu,1960,-2,-1,NA,NA,NA,8838,16701
18,Tamil Nadu,1961,-2,-1,NA,NA,NA,9987,18830
18,Tamil Nadu,1962,-2,-1,NA,NA,NA,10947,20824
18,Tamil Nadu,1963,-2,-1,NA,NA,NA,11981,22544
18,Tamil Nadu,1964,-2,-1,NA,NA,NA,13556,24304
18,Tamil Nadu,1965,-2,-1,NA,NA,NA,15323,29262
18,Tamil Nadu,1966,-2,-1,NA,NA,NA,16848,32494
18,Tamil Nadu,1967,-2,-1,310,NA,NA,17609,35472
18,Tamil Nadu,1968,-2,-1,310,NA,NA,18487,38020
18,Tamil Nadu,1969,-2,-1,305,418.1809997558594,508.85101318359375,21168,43183
18,Tamil Nadu,1970,-2,-1,324,467.06298828125,568.48199462890625,26462,45871
18,Tamil Nadu,1971,-2,-1,350,473.5880126953125,577.3690185546875,27674,49436
18,Tamil Nadu,1972,-2,-1,348,NA,NA,31236,54513
18,Tamil Nadu,1973,-2,-1,281,478.02398681640625,578.572021484375,38840,62508
18,Tamil Nadu,1974,-2,-1,291,488.1669921875,603.09002685546875,53613,84500
18,Tamil Nadu,1975,-2,-1,204,504.9809875488281,640.625,52104,82058
18,Tamil Nadu,1976,-2,-1,407,534.44097900390625,668.1820068359375,64861,96461
18,Tamil Nadu,1977,-2,-1,405,560.5150146484375,703.2659912109375,73073,104852
18,Tamil Nadu,1978,-2,-1,445,575.9310302734375,723.2440185546875,83450,121219
18,Tamil Nadu,1979,-2,-1,615,625.5579833984375,790.5880126953125,92293,161174
18,Tamil Nadu,1980,-2,-1,459,638.948974609375,794.99298095703125,107907,197899
18,Tamil Nadu,1981,-2,-1,496,659.47698974609375,823.02001953125,122296,226625
18,Tamil Nadu,1982,-3,-2,476,659.99298095703125,815.60198974609375,149437,255826
18,Tamil Nadu,1983,-3,-2,535,652.364990234375,813.10198974609375,141627,265324
18,Tamil Nadu,1984,-3,-2,548,699.177978515625,884.2139892578125,185216,325366
18,Tamil Nadu,1985,-3,-2,540,688.1290283203125,856.21697998046875,206197,346928
18,Tamil Nadu,1986,-3,-2,643,678,861,233802,386428
18,Tamil Nadu,1987,-3,-2,465,NA,NA,243726,425201
18,Tamil Nadu,1988,-3,-2,491,719,911,355393,536217
18,Tamil Nadu,1989,-3,-2,NA,NA,NA,426073,601585
18,Tamil Nadu,1990,-3,-2,NA,NA,NA,507228,751388
18,Tamil Nadu,1991,-3,-2,NA,NA,NA,534932,765555
18,Tamil Nadu,1992,-3,-2,NA,NA,NA,622509,877204
18,Tamil Nadu,1993,-3,-2,62,NA,NA,736443,1026307
18,Tamil Nadu,1994,-3,-2,652,921,1166,909227,1265783
18,Tamil Nadu,1995,-3,-2,NA,992,1255,971313,1342952
18,Tamil Nadu,1996,NA,NA,NA,NA,NA,1122927,1552616
18,Tamil Nadu,1997,NA,NA,NA,NA,NA,1125431,1556195
20,Uttar Pradesh,1949,0,0,NA,NA,NA,NA,NA
20,Uttar Pradesh,1950,0,0,NA,NA,NA,NA,NA
20,Uttar Pradesh,1951,0,0,NA,NA,NA,NA,NA
20,Uttar Pradesh,1952,0,0,NA,NA,NA,NA,NA
20,Uttar Pradesh,1953,0,0,NA,NA,NA,NA,NA
20,Uttar Pradesh,1954,0,0,NA,NA,NA,NA,NA
20,Uttar Pradesh,1955,0,0,NA,NA,NA,NA,NA
20,Uttar Pradesh,1956,0,0,169.09500122070312,NA,NA,NA,NA
20,Uttar Pradesh,1957,0,0,172.70799255371094,NA,NA,NA,NA
20,Uttar Pradesh,1958,0,0,161.13499450683594,NA,NA,NA,NA
20,Uttar Pradesh,1959,0,0,154.41000366210938,NA,NA,NA,NA
20,Uttar Pradesh,1960,0,0,184,NA,NA,5915,14438
20,Uttar Pradesh,1961,0,0,178,NA,NA,6618,15933
20,Uttar Pradesh,1962,0,0,210,NA,NA,6935,17184
20,Uttar Pradesh,1963,0,0,219,NA,NA,6869,18486
20,Uttar Pradesh,1964,0,0,228,NA,NA,8648,21242
20,Uttar Pradesh,1965,0,0,250,NA,NA,9866,22808
20,Uttar Pradesh,1966,0,0,237,NA,NA,11466,25439
20,Uttar Pradesh,1967,0,0,267,NA,NA,10994,26617
20,Uttar Pradesh,1968,0,0,245,NA,NA,12943,29424
20,Uttar Pradesh,1969,0,0,253,288.9179992675781,346.58099365234375,19220,37123
20,Uttar Pradesh,1970,0,0,245,326.80999755859375,390.6390075683594,18694,37925
20,Uttar Pradesh,1971,0,0,309,340.8240051269531,409.7250061035156,18283,38303
20,Uttar Pradesh,1972,0,0,286,NA,NA,22730,46196
20,Uttar Pradesh,1973,0,0,233,358.0830078125,441.49200439453125,27178,52250
20,Uttar Pradesh,1974,0,0,214,403.510009765625,507.2449951171875,28779,62158
20,Uttar Pradesh,1975,0,0,178,426.97100830078125,543.20697021484375,32873,68481
20,Uttar Pradesh,1976,0,0,261,505.010009765625,628.48797607421875,37769,75742
20,Uttar Pradesh,1977,0,0,261,547.7349853515625,684.98297119140625,44540,93564
20,Uttar Pradesh,1978,0,0,305,553.1400146484375,680.218994140625,48546,109217
20,Uttar Pradesh,1979,0,0,224,566.28302001953125,711.416015625,57032,127534
20,Uttar Pradesh,1980,0,0,211,613.60198974609375,770.6259765625,60868,135581
20,Uttar Pradesh,1981,0,0,211,629.64398193359375,771.66802978515625,61029,144118
20,Uttar Pradesh,1982,0,0,222,665.28900146484375,812.791015625,98918,195889
20,Uttar Pradesh,1983,0,0,NA,587.947998046875,724.5269775390625,113538,217260
20,Uttar Pradesh,1984,0,0,NA,602.2130126953125,749.43597412109375,122648,238055
20,Uttar Pradesh,1985,0,0,NA,500.3280029296875,682.84197998046875,163969,289705
20,Uttar Pradesh,1986,0,0,NA,561,705,169323,313301
20,Uttar Pradesh,1987,0,0,NA,NA,NA,205579,365873
20,Uttar Pradesh,1988,0,0,NA,599,768,309322,501506
20,Uttar Pradesh,1989,0,0,NA,NA,NA,365036,594585
20,Uttar Pradesh,1990,0,0,NA,NA,NA,414903,687918
20,Uttar Pradesh,1991,0,0,NA,NA,NA,450096,776467
20,Uttar Pradesh,1992,0,0,NA,NA,NA,511927,869108
20,Uttar Pradesh,1993,0,0,NA,NA,NA,555623,922078
20,Uttar Pradesh,1994,0,0,NA,585,775,618549,1052590
20,Uttar Pradesh,1995,0,0,NA,612,806,679717,1227050
20,Uttar Pradesh,1996,NA,NA,NA,NA,NA,776244,1411404
20,Uttar Pradesh,1997,NA,NA,NA,NA,NA,853046,1539154
21,West Bengal,1949,0,0,NA,NA,NA,NA,NA
21,West Bengal,1950,0,0,NA,NA,NA,NA,NA
21,West Bengal,1951,0,0,NA,NA,NA,NA,NA
21,West Bengal,1952,0,0,NA,NA,NA,NA,NA
21,West Bengal,1953,0,0,NA,NA,NA,NA,NA
21,West Bengal,1954,0,0,NA,NA,NA,NA,NA
21,West Bengal,1955,0,0,NA,NA,NA,NA,NA
21,West Bengal,1956,0,0,537.75201416015625,NA,NA,NA,NA
21,West Bengal,1957,0,0,537.14599609375,NA,NA,NA,NA
21,West Bengal,1958,0,0,512.3179931640625,NA,NA,NA,NA
21,West Bengal,1959,0,0,503.9859924316406,NA,NA,NA,NA
21,West Bengal,1960,0,0,533,NA,NA,20803,27137
21,West Bengal,1961,0,0,568,NA,NA,22165,28839
21,West Bengal,1962,0,0,594,NA,NA,26025,33085
21,West Bengal,1963,0,0,605,NA,NA,30696,38215
21,West Bengal,1964,0,0,630,NA,NA,33780,41920
21,West Bengal,1965,0,0,643,NA,NA,35390,44243
21,West Bengal,1966,0,0,604,NA,NA,34930,44507
21,West Bengal,1967,0,0,611,NA,NA,34365,44799
21,West Bengal,1968,0,0,629,NA,NA,34215,45716
21,West Bengal,1969,0,0,612,717.93499755859375,870.26202392578125,38761,51260
21,West Bengal,1970,0,0,563,699.3270263671875,845.85797119140625,40842,55587
21,West Bengal,1971,0,0,588,723.36102294921875,880.28399658203125,46469,62437
21,West Bengal,1972,0,0,591,NA,NA,48754,65525
21,West Bengal,1973,0,0,522,746.1929931640625,899.40301513671875,53365,72626
21,West Bengal,1974,1,1,409,719.38299560546875,877.32000732421875,77332,101214
21,West Bengal,1975,1,1,342,742.0159912109375,914.0770263671875,81159,105528
21,West Bengal,1976,1,1,582,706.4739990234375,882.0999755859375,82401,109061
21,West Bengal,1977,1,1,569,738.40301513671875,934.8480224609375,87457,117840
21,West Bengal,1978,1,1,547,736.58197021484375,932.719970703125,96512,127558
21,West Bengal,1979,1,1,604,768.43402099609375,970.343994140625,109157,145453
21,West Bengal,1980,14,2,541,756.3330078125,952.0260009765625,116679,201619
21,West Bengal,1981,14,2,537,732.0150146484375,923.427001953125,117227,212105
21,West Bengal,1982,14,2,424,747.4420166015625,946.16802978515625,136275,247689
21,West Bengal,1983,14,2,329,703.447021484375,894.90997314453125,140454,258019
21,West Bengal,1984,14,2,343,721.76702880859375,917.84002685546875,157747,282470
21,West Bengal,1985,14,2,367,639.25701904296875,806.43402099609375,156611,293957
21,West Bengal,1986,15,3,314,603,768,146248,286574
21,West Bengal,1987,15,3,153,NA,NA,263055,442166
21,West Bengal,1988,15,3,179,594,768,198726,387020
21,West Bengal,1989,17,4,141,NA,NA,229601,444702
21,West Bengal,1990,17,4,91,NA,NA,304076,554676
21,West Bengal,1991,17,4,1,NA,NA,258846,535824
21,West Bengal,1992,17,4,2,NA,NA,278690,575957
21,West Bengal,1993,17,4,NA,NA,NA,310094,632729
21,West Bengal,1994,17,4,NA,581,751,375496,743443
21,West Bengal,1995,17,4,NA,651,829,433144,864304
21,West Bengal,1996,NA,NA,NA,NA,NA,500165,978976
21,West Bengal,1997,NA,NA,NA,NA,NA,524427,1039924
1,,1998,NA,-2,NA,NA,NA,NA,NA
1,,1999,NA,-2,NA,NA,NA,NA,NA
1,,2000,NA,-2,NA,NA,NA,NA,NA
1,,2001,NA,-2,NA,NA,NA,NA,NA
1,,2002,NA,-2,NA,NA,NA,NA,NA
2,,1998,NA,NA,NA,NA,NA,NA,NA
2,,1999,NA,NA,NA,NA,NA,NA,NA
2,,2000,NA,NA,NA,NA,NA,NA,NA
2,,2001,NA,NA,NA,NA,NA,NA,NA
2,,2002,NA,NA,NA,NA,NA,NA,NA
3,,1998,NA,NA,NA,NA,NA,NA,NA
3,,1999,NA,NA,NA,NA,NA,NA,NA
3,,2000,NA,NA,NA,NA,NA,NA,NA
3,,2001,NA,NA,NA,NA,NA,NA,NA
3,,2002,NA,NA,NA,NA,NA,NA,NA
4,,1998,NA,NA,NA,NA,NA,NA,NA
4,,1999,NA,NA,NA,NA,NA,NA,NA
4,,2000,NA,NA,NA,NA,NA,NA,NA
4,,2001,NA,NA,NA,NA,NA,NA,NA
4,,2002,NA,NA,NA,NA,NA,NA,NA
5,,1998,NA,NA,NA,NA,NA,NA,NA
5,,1999,NA,NA,NA,NA,NA,NA,NA
5,,2000,NA,NA,NA,NA,NA,NA,NA
5,,2001,NA,NA,NA,NA,NA,NA,NA
5,,2002,NA,NA,NA,NA,NA,NA,NA
7,,1997,NA,NA,NA,NA,NA,NA,NA
7,,1998,NA,NA,NA,NA,NA,NA,NA
7,,1999,NA,NA,NA,NA,NA,NA,NA
7,,2000,NA,NA,NA,NA,NA,NA,NA
7,,2001,NA,NA,NA,NA,NA,NA,NA
7,,2002,NA,NA,NA,NA,NA,NA,NA
8,,1998,NA,NA,NA,NA,NA,NA,NA
8,,1999,NA,NA,NA,NA,NA,NA,NA
8,,2000,NA,NA,NA,NA,NA,NA,NA
8,,2001,NA,NA,NA,NA,NA,NA,NA
8,,2002,NA,NA,NA,NA,NA,NA,NA
9,,1998,NA,NA,NA,NA,NA,NA,NA
9,,1999,NA,NA,NA,NA,NA,NA,NA
9,,2000,NA,NA,NA,NA,NA,NA,NA
9,,2001,NA,NA,NA,NA,NA,NA,NA
9,,2002,NA,NA,NA,NA,NA,NA,NA
10,,1998,NA,0,NA,NA,NA,NA,NA
10,,1999,NA,0,NA,NA,NA,NA,NA
10,,2000,NA,0,NA,NA,NA,NA,NA
10,,2001,NA,0,NA,NA,NA,NA,NA
10,,2002,NA,0,NA,NA,NA,NA,NA
11,,1998,NA,NA,NA,NA,NA,NA,NA
11,,1999,NA,NA,NA,NA,NA,NA,NA
11,,2000,NA,NA,NA,NA,NA,NA,NA
11,,2001,NA,NA,NA,NA,NA,NA,NA
11,,2002,NA,NA,NA,NA,NA,NA,NA
14,,1998,NA,NA,NA,NA,NA,NA,NA
14,,1999,NA,NA,NA,NA,NA,NA,NA
14,,2000,NA,NA,NA,NA,NA,NA,NA
14,,2001,NA,NA,NA,NA,NA,NA,NA
14,,2002,NA,NA,NA,NA,NA,NA,NA
15,,1998,NA,NA,NA,NA,NA,NA,NA
15,,1999,NA,NA,NA,NA,NA,NA,NA
15,,2000,NA,NA,NA,NA,NA,NA,NA
15,,2001,NA,NA,NA,NA,NA,NA,NA
15,,2002,NA,NA,NA,NA,NA,NA,NA
16,,1998,NA,NA,NA,NA,NA,NA,NA
16,,1999,NA,NA,NA,NA,NA,NA,NA
16,,2000,NA,NA,NA,NA,NA,NA,NA
16,,2001,NA,NA,NA,NA,NA,NA,NA
16,,2002,NA,NA,NA,NA,NA,NA,NA
18,,1998,NA,NA,NA,NA,NA,NA,NA
18,,1999,NA,NA,NA,NA,NA,NA,NA
18,,2000,NA,NA,NA,NA,NA,NA,NA
18,,2001,NA,NA,NA,NA,NA,NA,NA
18,,2002,NA,NA,NA,NA,NA,NA,NA
20,,1998,NA,NA,NA,NA,NA,NA,NA
20,,1999,NA,NA,NA,NA,NA,NA,NA
20,,2000,NA,NA,NA,NA,NA,NA,NA
20,,2001,NA,NA,NA,NA,NA,NA,NA
20,,2002,NA,NA,NA,NA,NA,NA,NA
21,,1998,NA,NA,NA,NA,NA,NA,NA
21,,1999,NA,NA,NA,NA,NA,NA,NA
21,,2000,NA,NA,NA,NA,NA,NA,NA
21,,2001,NA,NA,NA,NA,NA,NA,NA
21,,2002,NA,NA,NA,NA,NA,NA,NA
